{"7": -10.741935483870968, "4": -11.958064516129031}