{"7": 4.892741935483872, "4": 4.892741935483872}